0-4VQL ,NPL-WH ,Outer Passage 
0-ARFO ,7X-X1Y ,Fade 
0-G8NO ,ZPI-2E ,Detorid 
0-U2M4 ,TPB-KG ,Perrigen Falls 
0-VG7A ,0-YMZM ,Insmother 
0-WVQS ,Belt ,Outer Ring 
0-XIDJ ,E-I1JW ,Venal 
01TG-J ,05M-I1 ,Impass 
08S-39 ,NOK-FZ ,Period Basis 
0D-CHA ,Sole ,Outer Ring 
0LTQ-C ,49A-BZ ,Syndicate 
0LY-W1 ,FQ-COP ,Cache 
0MV-4W ,5YHF-H ,Vale of the Silent 
0P-U0Q ,6I-3VX ,Tenerifis 
12YA-2 ,U8-CWA ,Pure Blind 
15U-JY ,Chimera ,Fountain 
16AM-3 ,50-5UD ,Tenerifis 
1GT-MA ,N4TD-6 ,Cobalt Edge 
1KAW-T ,RFQ-8Y ,Detorid 
1N-FJ8 ,DILJ-7 ,Vale of the Silent 
1NZV-7 ,3TS-12 ,Malpais 
1PF-BC ,H7Q-DG ,Etherium Reach 
1QZ-Y9 ,DITJ-X ,Scalding Pass 
1VK-6B ,A3-T8B ,Vale of the Silent 
1W-0KS ,A3-T8B ,Vale of the Silent 
1ZF-PJ ,TL-FDN ,Insmother 
2-F3OE ,3-U491 ,Feythabolis 
2-KPW6 ,ENP-SH ,Scalding Pass 
25S-6P ,BRP2-K ,Catch 
28O-JY ,Miennue ,Cloud Ring 
2B-3M4 ,WF-OP4 ,Stain 
2B7A-3 ,LIB-F9 ,Branch 
2G38-I ,JQV5-9 ,Syndicate 
2IGP-1 ,U7L-MQ ,Stain 
2PLH-3 ,Y8-HHZ ,Venal 
2UK4-N ,JQA8-6 ,Feythabolis 
2ULC-J ,U-IOR1 ,Outer Passage 
2V-CS5 ,H-KW4A ,Providence 
2WU-XT ,6GU-AT ,Outer Passage 
3-BADZ ,YZKE-Q ,Feythabolis 
3-JG3X ,04-LOF ,Oasa 
3-LJW3 ,MZ-PA2 ,Detorid 
33RB-O ,N-U2LX ,Deklein 
373Z-7 ,Z01V-Z ,Stain 
37S-KO ,XJ-0RG ,Stain 
39-DGG ,8K-CHA ,Geminate 
3D5K-R ,XLL-Z7 ,Querious 
3DR-CR ,M-J57M ,Tenal 
3GD6-8 ,9HXQ-G ,Catch 
3IK-7O ,J-78ZG ,Etherium Reach 
3JN9-Q ,A21H-Z ,Deklein 
3L3N-X ,QP6B-I ,Tenerifis 
3PPT-9 ,I-CCEI ,Paragon Soul 
3Q-VZA ,5Y1E-3 ,Wicked Creek 
4-07MU ,BRP2-K ,Catch 
4-1ECP ,L7-RDZ ,Perrigen Falls 
4-ABS8 ,G8-D09 ,Pure Blind 
4-CUM5 ,IPS-QB ,Geminate 
4-EFLU ,J-9M7D ,Wicked Creek 
4-QDIX ,SLYP-5 ,Etherium Reach 
42-UOW ,VH1-NS ,Stain 
4AZV-W ,NOB-HD ,Outer Passage 
4CJ-AC ,0EA3-8 ,Insmother 
4DTQ-K ,KWCZ-A ,Branch 
4E-EZS ,7VJ-7M ,Scalding Pass 
4K0N-J ,RJ-1R7 ,Geminate 
4M-P1I ,DYK-G8 ,Great Wildlands 
4NDT-W ,5F8-PZ ,Detorid 
4O-ZRI ,KPU3-3 ,Outer Passage 
4OIV-X ,5J-SSP ,Impass 
4RX-EE ,W9MQ-1 ,Venal 
4XW2-D ,Z01V-Z ,Stain 
5-2PQU ,8-4EFQ ,Insmother 
5-FGQI ,YFN-UN ,Syndicate 
5-O8B1 ,TJ10-O ,Tenal 
5-T0PZ ,TA-A7V ,Syndicate 
5-VKCN ,59H-0G ,Syndicate 
51-5XG ,QS-FVH ,Syndicate 
52G-NZ ,E-312G ,Branch 
57-YRU ,QS-FVH ,Syndicate 
5C-RPA ,R-CL2W ,Insmother 
5E-EZC ,HNZF-Z ,Cobalt Edge 
5ED-4E ,BB-48X ,Cobalt Edge 
5HN-D6 ,G3-MU3 ,Cobalt Edge 
5J4K-9 ,RFQ-8Y ,Detorid 
5NQI-E ,GU-JZ1 ,Wicked Creek 
5T-KM3 ,0-8MWQ ,Vale of the Silent 
5W3-DG ,S-B1E4 ,Deklein 
5ZXX-K ,U-7RBK ,Pure Blind 
6-4V20 ,Tinnimerci ,Cloud Ring 
6-CZ49 ,2-M6DE ,Syndicate 
6-I162 ,YENX-U ,Immensea 
6-KPAB ,YCM-AI ,Scalding Pass 
617I-I ,MK7-AO ,Syndicate 
62O-UE ,4SRW-B ,Detorid 
6E-MOW ,O6W-QE ,Impass 
6EK-BV ,3WN-1T ,Esoteria 
6F-H3W ,Unicorn ,Fountain 
6FS-CZ ,U-HSM3 ,The Kalevala Expanse 
6L78-1 ,NK-AOZ ,Geminate 
6O-XIO ,L-H07K ,Feythabolis 
6OYQ-Z ,GFE-SS ,Tenal 
6QBH-S ,W-ULNA ,Stain 
6U-MFQ ,F-W6B4 ,Oasa 
6WW-28 ,YUT3-U ,Vale of the Silent 
7-8EOE ,RL36-K ,Omist 
7-A6XV ,NZU8-G ,Detorid 
7-K5EL ,OSJ7-I ,Vale of the Silent 
77-KDQ ,Balenne ,Cloud Ring 
7BX-6F ,Chimera ,Fountain 
7D-PAT ,E-72A3 ,Tenal 
7LHB-Z ,T-1WDH ,Catch 
7Q-8Z2 ,Q-PVMK ,Great Wildlands 
7T-0QS ,PX0-P4 ,Malpais 
7X-02R ,Centaur ,Fountain 
8-AA98 ,U-IOR1 ,Outer Passage 
8-OZU1 ,AC-RON ,Wicked Creek 
86L-9F ,2Q-8WA ,The Kalevala Expanse 
87-1PM ,BB-48X ,Cobalt Edge 
87XQ-0 ,Hydra ,Fountain 
88A-RA ,QA-P7J ,Insmother 
89-JPE ,SLYP-5 ,Etherium Reach 
8B-SAJ ,9NP-KR ,Querious 
8DL-CP ,U-3HAO ,Great Wildlands 
8F-TK3 ,LSC-4P ,Delve 
8KE-YS ,8AO-5V ,Etherium Reach 
8P9-BM ,5-88B9 ,Providence 
8R-RTB ,Tinnimerci ,Cloud Ring 
9-02G0 ,5P4-QA ,Detorid 
9-266Q ,ST-0EZ ,Venal 
9-8GBA ,N-OGI1 ,Catch 
9-980U ,W-3E44 ,Tenerifis 
9-ZA4Z ,Q0-4FU ,Perrigen Falls 
92K-H2 ,N32Z-Z ,Venal 
99-0GS ,U7-GIV ,Omist 
9IPC-E ,W9MQ-1 ,Venal 
9MWZ-B ,O5QG-M ,Omist 
9N-0HF ,5F8-PZ ,Detorid 
9P-870 ,4M6-GJ ,Etherium Reach 
9PX2-F ,4YFT-F ,Scalding Pass 
9U-TTJ ,GN-ACS ,Syndicate 
9UY4-H ,G2E-RJ ,Providence 
A-5M31 ,Sole ,Outer Ring 
A-BO4V ,A-Z7C9 ,Querious 
A-GPTM ,XJ-0RG ,Stain 
A-HZYL ,Kraken ,Fountain 
A1F-22 ,WXB-RY ,Perrigen Falls 
A1RR-M ,2-ZRM0 ,Tenal 
A3-LOG ,H-6HGD ,Querious 
Abai ,Rifenda ,Tash-Murkon 
Abha ,Mal ,Derelik 
Abudban ,Ortner ,Heimatar 
AC-7LZ ,EL8Z-M ,Immensea 
AC2E-3 ,Wyvern ,Fountain 
Access ,Monalaz ,Genesis 
Adahum ,Sanair ,Tash-Murkon 
Adallier ,Anwyns ,Verge Vendor 
Adiere ,Agiesseson ,Sinq Laison 
Adrallezoen ,Wyllequet ,Sinq Laison 
Adrel ,Thoulde ,Essence 
Aeter ,Orvanne ,Solitude 
Afivad ,Qeti ,Domain 
Agha ,Mekashtad ,Derelik 
Agtver ,Stadakorn ,Metropolis 
AH-B84 ,304-QS ,Branch 
Aharalel ,Megeh ,Kador 
Ahkour ,Rifenda ,Tash-Murkon 
Ahrosseas ,Sanair ,Tash-Murkon 
Ahtulaima ,Ruomo ,The Forge 
Aikoro ,Arekin ,The Citadel 
Aivoli ,Malariya ,Lonetrek 
Aivonen ,Ishaga ,Black Rise 
Ajanen ,Kainokai ,Lonetrek 
AJCJ-1 ,UTZ-7B ,Venal 
Akhrad ,Mekashtad ,Derelik 
Akkio ,Mivora ,The Forge 
Akora ,Ihatalo ,The Forge 
Aldilur ,Gedur ,Metropolis 
Alenia ,Anwyns ,Verge Vendor 
Algasienan ,Josmaert ,Placid 
Algogille ,Crux ,Essence 
Alles ,Firille ,Sinq Laison 
Alsavoinon ,Amevync ,Placid 
Altbrard ,Almur ,Molden Heath 
Amattens ,Osnins ,Everyshore 
Ameinaka ,Ortner ,Heimatar 
Ami ,Jatari ,Kor-Azor 
Amoen ,Mallugier ,Placid 
Ana ,Maseend ,Domain 
Anckee ,Braille ,Solitude 
Andole ,Eustron ,Essence 
Andrub ,Nimedaz ,Kor-Azor 
Anka ,Vaarma ,The Bleak Lands 
Annad ,Nimedaz ,Kor-Azor 
Ansasos ,Heti ,Kador 
Antollare ,Elalan ,Everyshore 
APES-G ,G-HISF ,Malpais 
Arakor ,Peges ,Tash-Murkon 
Arant ,Vieres ,Essence 
Arayar ,Jayai ,Devoid 
Arbaz ,Parud ,Domain 
ARBX-9 ,17K-QM ,Paragon Soul 
Ardar ,Tiat ,Metropolis 
Ardhis ,Favo ,Kador 
Ardishapur Prime ,Sosarir ,Domain 
Arifsdald ,Fribrodi ,Metropolis 
Arnon ,Peccanouette ,Essence 
Arnstur ,Aldodan ,Metropolis 
Arraron ,Aideron ,Verge Vendor 
Arzad ,Semou ,Devoid 
Arzieh ,Akar ,Khanid 
Asabona ,Anares ,Derelik 
Aset ,Eugidi ,Metropolis 
Asgeir ,Lorundio ,Metropolis 
Asghatil ,Oraron ,Derelik 
Ashab ,Parud ,Domain 
Ashmarir ,Youledian ,Khanid 
Asrios ,Qermi ,Kador 
Athinard ,Odilis ,Everyshore 
Atonder ,Argeir ,Metropolis 
Aubonnie ,Mallugier ,Placid 
Augnais ,Algintal ,Sinq Laison 
Aulbres ,Ganoure ,Placid 
Auner ,Tiat ,Metropolis 
Aunia ,Coriault ,Sinq Laison 
Aurejet ,Arniri ,Khanid 
Avair ,Liela ,Domain 
AX-DOT ,9HXQ-G ,Catch 
B-F1MI ,RJ-1R7 ,Geminate 
B-G1LG ,JG-ZLG ,Stain 
B-II34 ,V2S-RH ,Insmother 
B-VIP9 ,V-4QJC ,Great Wildlands 
B-XJX4 ,T-1WDH ,Catch 
B9EA-G ,Z6T6-B ,The Spire 
Balle ,Disier ,Sinq Laison 
Bamiette ,Lolbrerie ,Sinq Laison 
Basgerin ,Firille ,Sinq Laison 
Bayuka ,Sazdih ,Derelik 
Bazadod ,Mayonhen ,Aridia 
BEG-RL ,VT-LHB ,Perrigen Falls 
Bekirdod ,Subi ,Derelik 
Bersyrim ,Pezarba ,Kador 
BM-VYZ ,3NA-Z1 ,The Kalevala Expanse 
Bogelek ,Akimamur ,Heimatar 
Boranai ,Throne Worlds ,Domain 
Bosboger ,Huvilma ,Heimatar 
BOZ1-O ,T875-C ,Detorid 
BR-6XP ,E-8CSQ ,Vale of the Silent 
BU-IU4 ,T-RQ7S ,Branch 
BVRQ-O ,78-6RI ,The Kalevala Expanse 
BW-WJ2 ,QP6B-I ,Tenerifis 
BWF-ZZ ,IPS-QB ,Geminate 
BY-S36 ,49A-BZ ,Syndicate 
C-LP3N ,Q5KW-Z ,Branch 
C-PEWN ,O-PQU0 ,Esoteria 
C-VGYO ,XPBM-F ,Branch 
C-WPWH ,O5QG-M ,Omist 
C0T-77 ,Crown ,Outer Ring 
C1G-XC ,V2S-RH ,Insmother 
C2X-M5 ,LLAP-1 ,Tribute 
C3J0-O ,U-HSM3 ,The Kalevala Expanse 
C6C-K9 ,OC-TTA ,The Spire 
C8VC-S ,03C-SU ,Tribute 
Cailanar ,Yestadan ,Domain 
Central Point ,EVE ,Genesis 
CHA2-Q ,Satyr ,Fountain 
Chamja ,Mih ,Genesis 
Chamume ,Emsek ,Tash-Murkon 
Channace ,Anwyns ,Verge Vendor 
Chanoun ,Araz ,Kador 
Charmerout ,Patrie ,Essence 
Cherore ,Chasnaye ,Everyshore 
Chibi ,Mayonhen ,Aridia 
CHP-76 ,DA0V-R ,Cobalt Edge 
CIS-7X ,SKX-PL ,Syndicate 
CJF-1P ,W-ULNA ,Stain 
CJNF-J ,RTCU-5 ,Immensea 
CL-J9W ,3-U491 ,Feythabolis 
Claulenne ,Ancbeu ,Verge Vendor 
CNHV-M ,KPU3-3 ,Outer Passage 
Colelie ,Algintal ,Sinq Laison 
CR-0E5 ,JSZ-X6 ,Esoteria 
Crielere ,Lolbrerie ,Sinq Laison 
Croleur ,Wyllequet ,Sinq Laison 
CT7-5V ,Regalia ,Outer Ring 
CT8K-0 ,1VN-XC ,Etherium Reach 
Cumemare ,Alselbosier ,Placid 
CX-1XF ,GP-GIU ,Branch 
D-0UI0 ,PR-ACX ,Detorid 
D-6WS1 ,I9B-8X ,Providence 
D-FVI7 ,Q-2BI6 ,Esoteria 
D-I9HJ ,KR-XF4 ,Geminate 
D-W7F0 ,SPNZ-Z ,Delve 
DAI-SH ,E6EO-H ,Malpais 
Dastryns ,Fislipesnes ,Placid 
DDI-B7 ,QZJ-FL ,Impass 
DE71-9 ,AP-S8F ,Great Wildlands 
Defsunun ,Leseasesh ,Aridia 
DGDT-3 ,WE-WLQ ,Oasa 
Dihra ,Ryra ,Devoid 
Dimoohan ,Homroon ,Khanid 
DJK-67 ,5Z0Y-S ,Omist 
DK0-N8 ,XHL-TZ ,Cobalt Edge 
Dom-Aphis ,Mih ,Genesis 
Doussivitte ,Agiesseson ,Sinq Laison 
Dunraelare ,Jonenor ,Sinq Laison 
DUU1-K ,I-3ODK ,Feythabolis 
DUV-5Y ,6-V49K ,Syndicate 
DY-40Z ,1A-WYQ ,Impass 
E-B957 ,G3-MU3 ,Cobalt Edge 
E-BFLT ,Z6T6-B ,The Spire 
E-BYOS ,SI1-CF ,Cobalt Edge 
E-DOF2 ,NOK-FZ ,Period Basis 
E-FIC0 ,S-B1E4 ,Deklein 
E-VKJV ,4QZ-2M ,Querious 
E-WMT7 ,B-MQ0Y ,Perrigen Falls 
E3-SDZ ,T-1WDH ,Catch 
E51-JE ,NZU8-G ,Detorid 
E7VE-V ,05M-I1 ,Impass 
Earwik ,Inkelm ,Metropolis 
Ebidan ,Throne Worlds ,Domain 
Ebtesham ,Norgoh ,Domain 
ED-L9T ,LI-BA0 ,Querious 
Egbonbet ,Stadakorn ,Metropolis 
Eglennaert ,Coriault ,Sinq Laison 
Egmar ,Angils ,Metropolis 
EIH-IU ,J-9M7D ,Wicked Creek 
EK2-ET ,XHYS-O ,Venal 
EKPB-3 ,IV-LWJ ,Insmother 
Ekura ,Okela ,Lonetrek 
Enaluri ,Ishaga ,Black Rise 
EOY-BG ,M-J57M ,Tenal 
EPCD-D ,3NA-Z1 ,The Kalevala Expanse 
Erindur ,Hulf ,Metropolis 
Erstet ,Ergruk ,Metropolis 
Erstur ,Aptetter ,Metropolis 
Erzoh ,Qeti ,Domain 
ES-UWY ,Rapture ,Curse 
Esteban ,Kehina ,Domain 
Esubara ,Leseasesh ,Aridia 
Eszur ,Essin ,Metropolis 
ETO-OT ,OC-TTA ,The Spire 
EU0I-T ,SKX-PL ,Syndicate 
EUU-4N ,0-YMZM ,Insmother 
Evaulon ,Amevync ,Placid 
EX-0LQ ,ZW-BY5 ,Catch 
Eygfe ,Ankard ,Metropolis 
Eystur ,Sveipar ,Heimatar 
F-749O ,X-VN63 ,Tribute 
F-9PXR ,1-A81R ,Delve 
F-TQWO ,1M4-FN ,Malpais 
F-UVBV ,R2-BT6 ,Esoteria 
F-ZBO0 ,BZZ-1U ,Tenerifis 
F2-NXA ,QI1M-Q ,Scalding Pass 
F3-8X2 ,N-LY4R ,Insmother 
F39H-1 ,E-95ID ,Insmother 
F4R2-Q ,EM-L3K ,Catch 
F5-CGW ,T-W4L3 ,Great Wildlands 
F5FO-U ,Heart ,Outer Ring 
F69O-M ,PG-RWX ,Etherium Reach 
F9E-KX ,UX3-N2 ,Catch 
Fabin ,Kekah ,Domain 
Fanathor ,Alpakian ,Khanid 
Faspera ,Ananah ,Derelik 
Faswiba ,Mofa ,Domain 
FD-MLJ ,Z-6NQ6 ,Syndicate 
FDZ4-A ,N-K4Q0 ,Geminate 
FE-6YQ ,CL-QB2 ,Tenerifis 
Fihrneh ,Ombil ,Aridia 
Fildar ,Ankard ,Metropolis 
Firbha ,Fekhoya ,Khanid 
Fluekele ,Algintal ,Sinq Laison 
Fovihi ,Kalangin ,Derelik 
Frarn ,Odengsolf ,Heimatar 
FRTC-5 ,IJE6-J ,Immensea 
FS-RFL ,BUG6-X ,Vale of the Silent 
FSW-3C ,4BZ-R3 ,Providence 
FV-SE8 ,Y-2D6Q ,Stain 
FV-YEA ,QJ2-0M ,Cobalt Edge 
FV1-RQ ,I-WRVM ,Cobalt Edge 
FYD-TO ,P-I9PF ,Scalding Pass 
G-4H4C ,AJG-MV ,Esoteria 
G-AOTH ,T-HHHT ,Catch 
G-G78S ,Tranquility ,Curse 
G-ME2K ,H26A-B ,Stain 
G-UTHL ,Griffin ,Fountain 
G-YZUX ,3WN-1T ,Esoteria 
G2-INZ ,KUSW-P ,Esoteria 
G8AD-C ,Prelle ,Cloud Ring 
G9L-LP ,AC-RON ,Wicked Creek 
Galeh ,Mofa ,Domain 
Gallareue ,Jonenor ,Sinq Laison 
Gallusiene ,Mallugier ,Placid 
GC-LTF ,PR-ACX ,Detorid 
GDHN-K ,0EA3-8 ,Insmother 
GE-94X ,ZW-BY5 ,Catch 
Gidali ,Amdimmah ,Khanid 
GK5Z-T ,0EA3-8 ,Insmother 
GL6S-2 ,GDBW-2 ,Malpais 
GN-PDU ,4YFT-F ,Scalding Pass 
GN7-XY ,ZQ2-CF ,Providence 
GPD5-0 ,760-9C ,Wicked Creek 
GQ2S-8 ,GEP-XF ,Paragon Soul 
GR-X26 ,5F8-PZ ,Detorid 
GTB-O4 ,E1L-UY ,The Spire 
GU-9F4 ,QZJ-FL ,Impass 
Gulfonodi ,Fittakan ,Molden Heath 
Gyerzen ,Mise ,Tash-Murkon 
H-29TM ,4LEZ-6 ,Perrigen Falls 
H-EBQG ,WS5L-X ,Malpais 
H-HWQR ,AU-S0B ,Tenerifis 
H-NOU5 ,UK-MI6 ,Vale of the Silent 
H-S80W ,Kraken ,Fountain 
H4X-0I ,P-FL48 ,The Spire 
H5N-V7 ,Y-M7ML ,Scalding Pass 
H8-ZTO ,TCC-ZV ,Paragon Soul 
H90-C9 ,U7-GIV ,Omist 
Habu ,Charak ,Genesis 
Hadji ,Mih ,Genesis 
Hadonoo ,Avib ,Domain 
Hahyil ,Aguh ,Derelik 
Haine ,Arand ,Essence 
Hakeri ,Panorad ,Metropolis 
Hakodan ,Ichida ,The Bleak Lands 
Hakonen ,Mito ,Lonetrek 
Hakshma ,Daredan ,Devoid 
Halenan ,Enka ,Devoid 
Halibai ,Trigentia ,Kador 
Hasama ,Ieyama ,The Citadel 
Hasateem ,Bedaleya ,Derelik 
HB-1NJ ,L-TEVM ,Great Wildlands 
HB-5L3 ,N4TD-6 ,Cobalt Edge 
HBD-CC ,E-I1JW ,Venal 
HD-AJ7 ,5ZR-29 ,Wicked Creek 
HD-HOZ ,8UD2-J ,The Kalevala Expanse 
Hedaleolfarber ,Almur ,Molden Heath 
Hegfunden ,Elfrard ,Molden Heath 
Hesarid ,Ashela ,Genesis 
Heydieles ,Jeon ,Essence 
HG-YEQ ,MW49-U ,Malpais 
HHE5-L ,AJG-MV ,Esoteria 
HIK-MC ,Z6T6-B ,The Spire 
Hikansog ,Naloran ,Kador 
Hilaban ,Arvachah ,Tash-Murkon 
Hilfhurmur ,Brazinget ,Metropolis 
Hiremir ,Pezarba ,Kador 
Hishai ,Finaka ,Khanid 
Hjoramold ,Ani ,Metropolis 
HKYW-T ,KR-XF4 ,Geminate 
HL-VZX ,FD-7Y4 ,Insmother 
HM-XR2 ,B4H-9W ,Delve 
HMF-9D ,Chimera ,Fountain 
HO4E-Q ,D4J-PP ,Oasa 
Hodrold ,Hulf ,Metropolis 
Hoona ,Mimishia ,Tash-Murkon 
Hoseen ,Ombil ,Aridia 
HP-6Z6 ,H-KW4A ,Providence 
HPBE-D ,5Y1E-3 ,Wicked Creek 
HPV-RJ ,U-HSM3 ,The Kalevala Expanse 
Hrokkur ,Tartatven ,Molden Heath 
Hulmate ,Balrille ,Essence 
Huna ,Selonat ,Aridia 
Hutian ,Mazake ,Domain 
Hykanima ,Urpiken ,Black Rise 
Hysera ,Otawasa ,The Citadel 
I-7JR4 ,T-RQ7S ,Branch 
I-8D0G ,XR9-LP ,Catch 
I-9GI1 ,HOV-VI ,Detorid 
I-CUVX ,Hydra ,Fountain 
I-MGAB ,Q-6LG1 ,Providence 
I6-SYN ,5HN-S5 ,Cache 
I9-ZQZ ,42-WDG ,Feythabolis 
IAK-JW ,WQZ8-4 ,Scalding Pass 
IBOX-2 ,4R-HUN ,Malpais 
IG-4OF ,0PS-L5 ,Oasa 
IGE-RI ,Sphinx ,Fountain 
Ihal ,Ananah ,Derelik 
Ikoskio ,Kurala ,Black Rise 
Illamur ,Besateoden ,Molden Heath 
Immuri ,Ishaga ,Black Rise 
Innia ,Inolari ,Black Rise 
IO-R2S ,3RU-10 ,Oasa 
IP6V-X ,O5K-Y6 ,Delve 
IPX-H5 ,9D1V-O ,Esoteria 
IRD-HU ,RDD-E6 ,Etherium Reach 
Irjunen ,Suon ,The Citadel 
IS-R7P ,NNLX-K ,Catch 
Isenan ,Arand ,Essence 
Ishomilken ,Ieyama ,The Citadel 
Isid ,Mareerieh ,Aridia 
Isseras ,Sela ,Lonetrek 
Isutaka ,Outartoh ,The Citadel 
Ithar ,Qermi ,Kador 
Itsyamil ,Kabo ,Devoid 
Ivih ,Mise ,Tash-Murkon 
IX8-JB ,T-W4L3 ,Great Wildlands 
Iyen-Oursta ,Gallente Border Zone ,Sinq Laison 
J-AYLV ,V-H3V0 ,Stain 
J-OAH2 ,2Q-8WA ,The Kalevala Expanse 
J-RXYN ,760-9C ,Wicked Creek 
J52-BH ,BI-NFW ,Branch 
J7-BDX ,0FC-ZX ,Wicked Creek 
J7A-UR ,Paradise ,Curse 
J7X-VN ,6GU-AT ,Outer Passage 
J9A-BH ,WXB-RY ,Perrigen Falls 
JA-G0T ,4R-HUN ,Malpais 
JA-O6J ,A-JI5E ,Catch 
Jakanerva ,Okomon ,The Forge 
Jambu ,Nakid ,Domain 
JAUD-V ,8T-OLH ,Esoteria 
JC-YX8 ,U8-CWA ,Pure Blind 
Jennim ,Moghiz ,Kador 
JEQG-7 ,GU-JZ1 ,Wicked Creek 
JGOW-Y ,Sphinx ,Fountain 
JI1-SY ,G3IP-E ,Tenerifis 
JKJ-VJ ,Wield ,Outer Ring 
JLO-Z3 ,02QH-A ,Scalding Pass 
Jondik ,Ankard ,Metropolis 
Joppaya ,Mazake ,Domain 
JPEZ-R ,VT-LHB ,Perrigen Falls 
JQU-KY ,RF9-ZU ,Wicked Creek 
JT2I-7 ,6-CBBM ,The Kalevala Expanse 
JU-UYK ,Z01V-Z ,Stain 
Juddi ,Mossas ,Derelik 
JWZ2-V ,XR9-LP ,Catch 
JXQJ-B ,4ZXC-8 ,Oasa 
JZ-B5Y ,VSC-W9 ,Cache 
JZ-UQC ,VT-LHB ,Perrigen Falls 
JZV-F4 ,88G-M4 ,Vale of the Silent 
K-MGJ7 ,Tranquility ,Curse 
K-X5AX ,I-3ODK ,Feythabolis 
K-XJJT ,J0-59Y ,The Spire 
K-YL9T ,E1L-UY ,The Spire 
K1Y-5H ,P6N8-J ,Providence 
K3JR-J ,48R-PS ,Venal 
K42-IE ,8K-CHA ,Geminate 
K7-LDX ,51ZT-6 ,Scalding Pass 
K76A-3 ,XPG-HE ,The Kalevala Expanse 
Kaunokka ,Otawasa ,The Citadel 
Kausaaja ,Arekin ,The Citadel 
KBAK-I ,F-I56R ,Delve 
KCT-0A ,Sphinx ,Fountain 
KD-KPR ,IV-LWJ ,Insmother 
KED-2O ,O9X-CV ,Oasa 
KEJY-U ,8ET-D1 ,Querious 
Kerepa ,Ajah ,Tash-Murkon 
KFR-ZE ,59H-0G ,Syndicate 
KGCF-5 ,7-ZDOK ,Outer Passage 
KGT3-6 ,N-APJ8 ,Etherium Reach 
Khabara ,Jatari ,Kor-Azor 
Kirras ,Kainokai ,Lonetrek 
KMC-WI ,JE7-F2 ,Branch 
KMH-J1 ,8G-JN6 ,Etherium Reach 
KMV-CQ ,9P57-V ,Tenal 
Knophtikoo ,Mulata ,Domain 
Komaa ,Ohvarainen ,The Bleak Lands 
Komo ,Santenpaa ,The Citadel 
Konola ,Imurukka ,The Citadel 
Korama ,Sela ,Lonetrek 
KPI-OW ,OC-TTA ,The Spire 
KQK1-2 ,MDM8-J ,Pure Blind 
KR8-27 ,Y-LRWI ,Omist 
Krilmokenur ,Erada ,Heimatar 
Kuharah ,Mamouna ,Derelik 
Kuhri ,Homroon ,Khanid 
Kulelen ,Kantanen ,The Citadel 
Kurniainen ,Tandoiras ,The Bleak Lands 
Kusomonmon ,Tasen ,The Citadel 
KW-OAM ,ZQ7-QS ,Tenerifis 
L-1SW8 ,Unicorn ,Fountain 
L-AS00 ,8MJO-4 ,Omist 
L-QQ6P ,5P4-QA ,Detorid 
L-TOFR ,V1G-63 ,Geminate 
L-Z9NB ,XHL-TZ ,Cobalt Edge 
L5-UWT ,0YMH-Q ,Insmother 
L6B-0N ,W-ULNA ,Stain 
L7XS-5 ,EM-L3K ,Catch 
L8-WNE ,PR-ACX ,Detorid 
Laah ,Santenpaa ,The Citadel 
Lamadent ,Aeman ,Sinq Laison 
Lari ,Tsemshatel ,Tash-Murkon 
Larkugei ,Erada ,Heimatar 
Lasleinur ,Aldodan ,Metropolis 
LBC-AW ,ENP-SH ,Scalding Pass 
LD-2VL ,D9DM-O ,Paragon Soul 
LE-67X ,S4S-SD ,The Kalevala Expanse 
Leremblompes ,Giatole ,Everyshore 
Lermireve ,Nadire ,Sinq Laison 
LGK-VP ,5VN-B7 ,Stain 
LGL-SD ,WF-OP4 ,Stain 
Lirerim ,Rollera ,Metropolis 
LMM7-L ,BVA-YH ,Cache 
LQ-OAI ,02QH-A ,Scalding Pass 
LRWD-B ,BZ-10K ,Branch 
LS9B-9 ,0-8MWQ ,Vale of the Silent 
LW-YEW ,9BGY-6 ,Perrigen Falls 
LX-ZOJ ,NK-AOZ ,Geminate 
M-CNUD ,VS-8P0 ,Cache 
M-HU4V ,BZ-10K ,Branch 
M-NP5O ,MY-HQD ,The Spire 
M-SRKS ,F-I56R ,Delve 
M2-2V1 ,XMNF-7 ,Venal 
M4-KX5 ,TY0-Q2 ,Perrigen Falls 
M9-FIB ,5Z0Y-S ,Omist 
Madomi ,Reya ,Genesis 
Mahtista ,Ruomo ,The Forge 
Maire ,Elose ,Solitude 
Malma ,Ubar ,Genesis 
Mani ,Mise ,Tash-Murkon 
Marosier ,Ysiette ,Everyshore 
Masanuh ,Gebem ,Kor-Azor 
MC4C-H ,C9XB-L ,Outer Passage 
Mendori ,Kabo ,Devoid 
Mercomesier ,Serthoulde ,Placid 
Merolles ,Anwyns ,Verge Vendor 
Mesybier ,Patrie ,Essence 
MGAM-4 ,88G-M4 ,Vale of the Silent 
MH9C-S ,4BZ-R3 ,Providence 
Miah ,Parrosa ,Kador 
MJ-5F9 ,VT-LHB ,Perrigen Falls 
MKD-O8 ,A-Z7C9 ,Querious 
Moclinamaud ,Pegeler ,Placid 
MOCW-2 ,0-YMZM ,Insmother 
Moh ,Sazdih ,Derelik 
Mora ,Gebem ,Kor-Azor 
Mormoen ,Osnins ,Everyshore 
Moro ,Sib ,Khanid 
MQ-O27 ,A3-T8B ,Vale of the Silent 
MS1-KJ ,EIX-HK ,Tenerifis 
MTO2-2 ,TPB-KG ,Perrigen Falls 
Murzi ,Maddam ,Domain 
MXX5-9 ,UTQ-BO ,Deklein 
Mya ,Chasnaye ,Everyshore 
MZ1E-P ,RFY-QB ,Deklein 
MZLW-9 ,WE-WLQ ,Oasa 
N-I024 ,KPU3-3 ,Outer Passage 
N-O53U ,FD-7Y4 ,Insmother 
N-Q5PW ,1G-8KY ,Venal 
N-RAEL ,I3-2J0 ,Great Wildlands 
N-RMSH ,P6N8-J ,Providence 
N-TFXK ,N-U2LX ,Deklein 
N-YLOE ,XI0-X2 ,Malpais 
N5Y-4N ,48R-PS ,Venal 
N7-BIY ,N-LY4R ,Insmother 
Nadohman ,Kehina ,Domain 
Nahrneder ,Akar ,Khanid 
Nakis ,Alpakian ,Khanid 
Nakregde ,Gebem ,Kor-Azor 
Nakri ,Zemont ,Domain 
Nakugard ,Ani ,Metropolis 
Nasreri ,Fabas ,Genesis 
NB-ALM ,PR-ACX ,Detorid 
NBW-GD ,GDBW-2 ,Malpais 
NE-3GR ,K-DLD2 ,Great Wildlands 
Nedegulf ,Gedur ,Metropolis 
NEH-CS ,XPBM-F ,Branch 
Nema ,Tid ,Aridia 
New Eden ,EVE ,Genesis 
NG-M8K ,MRC-29 ,Cache 
Nidebora ,Enka ,Devoid 
Nifshed ,Sosarir ,Domain 
Nimambal ,Hevaka ,Derelik 
Nisuwa ,Okakuola ,Black Rise 
NIZJ-0 ,7ZRW-G ,Esoteria 
NJ4X-S ,W-XBGF ,Tribute 
Nomaa ,Anttanen ,The Forge 
Nomash ,Mazake ,Domain 
Nouta ,Selonat ,Aridia 
NS2L-4 ,Q-IPAA ,Immensea 
NSBE-L ,QI1M-Q ,Scalding Pass 
NSI-MW ,XI0-X2 ,Malpais 
Nuken ,Aulari ,The Forge 
NZW-ZO ,EIX-HK ,Tenerifis 
O-7LAI ,U-EUG7 ,Insmother 
O-CT8N ,WF-OP4 ,Stain 
O-IVNH ,Balenne ,Cloud Ring 
O-JPKH ,304-QS ,Branch 
O-LR1H ,E-8CSQ ,Vale of the Silent 
O-MCZR ,17K-QM ,Paragon Soul 
O-N589 ,D9DM-O ,Paragon Soul 
O-QKSM ,Q0-4FU ,Perrigen Falls 
O1Y-ED ,UWRZ-2 ,Fade 
O2O-2X ,74IL-O ,Geminate 
O3L-95 ,H-6HGD ,Querious 
O7-7UX ,K-ZKBM ,Immensea 
Obanen ,Onirvura ,The Forge 
Oberen ,Heti ,Kador 
Obrolber ,Osta ,Heimatar 
Odin ,Ryra ,Devoid 
Odinesyn ,Orvanne ,Solitude 
Ogaria ,Elerelle ,Solitude 
OGL8-Q ,XR9-LP ,Catch 
OGY-6D ,K-JO26 ,Querious 
Ohkunen ,Orpana ,The Forge 
Oicx ,Amevync ,Placid 
Oishami ,Malariya ,Lonetrek 
OJ-CT4 ,L-1T22 ,Venal 
OKEO-X ,RL36-K ,Omist 
Onatoh ,Isoma ,The Citadel 
Onnamon ,Aokinen ,Black Rise 
OP7-BP ,9BGY-6 ,Perrigen Falls 
Ordize ,Kalangin ,Derelik 
Orien ,Besateoden ,Molden Heath 
Osaa ,Orpana ,The Forge 
Ossa ,Okunda ,Lonetrek 
Osvetur ,Eoldulf ,Molden Heath 
Otelen ,Sasen ,The Bleak Lands 
OTJ9-E ,E65-47 ,The Spire 
Otomainen ,Okkelen ,The Forge 
Otraren ,Benurad ,Heimatar 
OU-X3P ,Tinnimerci ,Cloud Ring 
Ourapheh ,Sanctum ,Genesis 
Outuni ,Ihilakken ,The Forge 
OXC-UL ,AV-SCL ,Feythabolis 
OXIY-V ,AZBG-H ,Providence 
P3EN-E ,Z-DO53 ,Vale of the Silent 
P5-EFH ,Taurus ,Fountain 
P65-TA ,E1L-UY ,The Spire 
P7MI-T ,MZ-PA2 ,Detorid 
P7Z-R3 ,C-ULS4 ,Branch 
P8-BKO ,RHG-4O ,Feythabolis 
P9F-ZG ,O-PQU0 ,Esoteria 
Pain ,Alselbosier ,Placid 
Parses ,Fekhoya ,Khanid 
Pashanai ,Ubar ,Genesis 
Paye ,Anidaza ,Tash-Murkon 
PE-H02 ,AJG-MV ,Esoteria 
PE-SAM ,X7-FTR ,Perrigen Falls 
PEK-8Z ,E-IFSA ,Tenerifis 
Pera ,Emsek ,Tash-Murkon 
Pertnineere ,Elose ,Solitude 
Peyiri ,Parrosa ,Kador 
PFV-ZH ,LWMW-6 ,Perrigen Falls 
Phoren ,Nasorin ,Tash-Murkon 
Pimsu ,Somi ,Tash-Murkon 
PNS7-J ,M-J57M ,Tenal 
PO-3QW ,C45-9Y ,Feythabolis 
Poitot ,Z-6NQ6 ,Syndicate 
POQP-K ,2747-4,Malpais 
PQRE-W ,GJH-1C ,Detorid 
Pserz ,Maal ,Aridia 
Pucherie ,Ambrye ,Sinq Laison 
PWPY-4 ,D-YKXH ,Malpais 
PXF-RF ,Minotaur ,Fountain 
PZMA-E ,EK-NQ2 ,Impass 
Q-K2T7 ,ENP-SH ,Scalding Pass 
Q-NA5H ,DITJ-X ,Scalding Pass 
Q-NJZ4 ,GP-GIU ,Branch 
Q-R3GP ,DMXN-3 ,Vale of the Silent 
Q-XEB3 ,Manticore ,Fountain 
Q1-R7K ,7ZRW-G ,Esoteria 
Q1U-IU ,1D-65L ,Tenal 
QA1-BT ,Assilot ,Cloud Ring 
QBL-BV ,4BZ-R3 ,Providence 
QFRV-2 ,AGI1-F ,Outer Passage 
QHH-13 ,X5O9-E ,Outer Passage 
QK-CDG ,JQA8-6 ,Feythabolis 
QKTR-L ,UBPU-9 ,Geminate 
QM-20X ,IYOO-M ,Great Wildlands 
QOK-SX ,IM-8S5 ,Outer Passage 
QQ3-YI ,IYOO-M ,Great Wildlands 
QR-K85 ,AZBG-H ,Providence 
QSCO-D ,MW49-U ,Malpais 
QY6-RK ,W-4U1E ,Delve 
R-2R0G ,LY-FY6 ,Pure Blind 
R-ARKN ,E-ILCH ,Esoteria 
R-ESG0 ,AP-S8F ,Great Wildlands 
R-ORB7 ,IJE6-J ,Immensea 
R0-DMM ,3GK-WS ,Wicked Creek 
R1O-GN ,P-B2NE ,The Kalevala Expanse 
R3W-XU ,Wyvern ,Fountain 
Raa ,Semou ,Devoid 
Raihbaka ,Inolari ,Black Rise 
Rakapas ,Okakuola ,Black Rise 
Raneilles ,Obray ,Verge Vendor 
Rannoze ,Comadu ,Kor-Azor 
Rauntaka ,Pietanen ,Lonetrek 
Rayeret ,Favo ,Kador 
RD-FWY ,N5V-Y0 ,Insmother 
Remoriu ,Nasorin ,Tash-Murkon 
Reteka ,Amdimmah ,Khanid 
RF-CN3 ,F-RA63 ,Querious 
Rimbah ,Armi ,Domain 
RJBC-I ,S-Q02B ,Oasa 
RO-0PZ ,M9-AN3 ,Etherium Reach 
Rokofur ,Wiedadur ,Heimatar 
RORZ-H ,LN-L8L ,Pure Blind 
Roushzar ,Jayai ,Devoid 
RUF3-O ,GDBW-2 ,Malpais 
Rumida ,Ajah ,Tash-Murkon 
Ruvas ,Karnola ,Lonetrek 
RXA-W1 ,E-UBWI ,The Spire 
RY-2FX ,X7-FTR ,Perrigen Falls 
RYQC-I ,OY3-DM ,Period Basis 
RZ-PIY ,1RG-GU ,Detorid 
RZC-16 ,304Z-R ,Pure Blind 
S-1LIO ,9P57-V ,Tenal 
S-51XG ,T875-C ,Detorid 
S-DN5M ,UTQ-BO ,Deklein 
S-MDYI ,304Z-R ,Pure Blind 
S-NJBB ,YUT3-U ,Vale of the Silent 
S5W-1Z ,PX0-P4 ,Malpais 
S8-NSQ ,03C-SU ,Tribute 
Safilbab ,Ajah ,Tash-Murkon 
Saikamon ,Vaarma ,The Bleak Lands 
Sakulda ,Almur ,Molden Heath 
Salah ,Naloran ,Kador 
Salashayama ,Mekashtad ,Derelik 
Saminer ,Anidaza ,Tash-Murkon 
Sankkasen ,Uusasai ,The Citadel 
Santola ,Uusasai ,The Citadel 
Sassecho ,Budar ,Khanid 
Sasta ,San Matar ,Derelik 
Sazre ,Nohshayess ,Khanid 
Scolluzer ,Ancbeu ,Verge Vendor 
Scuelazyns ,Elalan ,Everyshore 
Seiradih ,Mulata ,Domain 
Sendaya ,Anares ,Derelik 
Serad ,Mal ,Derelik 
Seshala ,Seevadin ,Khanid 
SH1-6P ,52-JKU ,Tribute 
SH6X-F ,78-6RI ,The Kalevala Expanse 
Shach ,Mal ,Derelik 
Shaha ,Finena ,Kor-Azor 
Shala ,Mossas ,Derelik 
Shamahi ,Anares ,Derelik 
Sharji ,Yekti ,Domain 
Sharuveil ,Disier ,Sinq Laison 
Shenela ,Anares ,Derelik 
Shihuken ,Anttanen ,The Forge 
Shuria ,Mobit ,Domain 
Sibe ,Ashela ,Genesis 
Sigga ,Ekrin ,Genesis 
Simela ,Aven ,Genesis 
Sirekur ,Essin ,Metropolis 
Sist ,Osta ,Heimatar 
Situner ,Stadakorn ,Metropolis 
SN9S-N ,E-ILCH ,Esoteria 
SNFV-I ,A-JI5E ,Catch 
Sobenah ,Armi ,Domain 
Somouh ,Hoosa ,Domain 
Sosan ,Jayai ,Devoid 
Sotrentaira ,Haurala ,Lonetrek 
Soza ,Maal ,Aridia 
SPLE-Y ,Manticore ,Fountain 
SR-KBB ,N-K4Q0 ,Geminate 
Stegette ,Stion ,Sinq Laison 
Stoure ,Goins ,Solitude 
SVB-RE ,BI-NFW ,Branch 
SY-OLX ,LWMW-6 ,Perrigen Falls 
SY-UWN ,HOV-VI ,Detorid 
SZ6-TA ,X-FHU3 ,Tenal 
T-0JWP ,D-95MV ,Detorid 
T-AKQZ ,6I-3VX ,Tenerifis 
T-K10W ,E-72A3 ,Tenal 
T-LIWS ,DS-M4Q ,Syndicate 
T-Q2DD ,BZ-10K ,Branch 
T-Z6J2 ,Regalia ,Outer Ring 
TA9T-P ,3NA-Z1 ,The Kalevala Expanse 
Tabbetzur ,Rollera ,Metropolis 
Tahli ,Reya ,Genesis 
TAL1-3 ,BXT7-V ,Perrigen Falls 
Talidal ,Sib ,Khanid 
Tama ,Isoma ,The Citadel 
Tartoken ,Umamon ,Lonetrek 
TCAG-3 ,N-39FI ,Period Basis 
TDE4-H ,74IL-O ,Geminate 
Teshkat ,Sukanan ,Tash-Murkon 
Teskanen ,Kurala ,Black Rise 
TET3-B ,V-LQBF ,Great Wildlands 
Tew ,Subhatoub ,Tash-Murkon 
TFPT-U ,J33-JR ,Outer Passage 
Thakala ,Abthi ,Devoid 
Tierijev ,Aideron ,Verge Vendor 
TJM-JJ ,F-ZNNG ,Geminate 
TL-T9Z ,JG-ZLG ,Stain 
Toustain ,Mobrault ,Solitude 
Tralasa ,Orus ,Kor-Azor 
TU-O0T ,XV7L-S ,Providence 
Tunttaras ,Okela ,Lonetrek 
TV8-HS ,YB7B-8 ,Querious 
TXME-A ,Z-D6K5 ,Deklein 
TYB-69 ,D-95MV ,Detorid 
Tzashrah ,Sib ,Khanid 
U-BXU9 ,L-H07K ,Feythabolis 
U-INPD ,WMP-OF ,Pure Blind 
U-MFTL ,D-95MV ,Detorid 
U-QMOA ,5HN-S5 ,Cache 
U-RELP ,O9X-CV ,Oasa 
U-TJ7Y ,D-AWFI ,Deklein 
U104-3 ,DJ-XCW ,Wicked Creek 
U2-28D ,02QH-A ,Scalding Pass 
U93O-A ,FQ-COP ,Cache 
U9SE-N ,DOCS-O ,Oasa 
U9U-TQ ,YENX-U ,Immensea 
UAYL-F ,Kraken ,Fountain 
UB5Z-3 ,OFQ-HG ,Feythabolis 
UC3H-Y ,K-QUVW ,Pure Blind 
Uchomida ,Aokinen ,Black Rise 
UD-VZW ,1ANT-J ,Feythabolis 
UI-8ZE ,0A-73B ,Pure Blind 
Ukkalen ,Otsabaira ,The Forge 
UKYS-5 ,Q4IG-S ,Stain 
Unel ,Agiesseson ,Sinq Laison 
UNJ-GX ,V-4QJC ,Great Wildlands 
Uotila ,Santenpaa ,The Citadel 
Uoyonen ,Okomon ,The Forge 
Uplingur ,Hevaka ,Derelik 
Ustnia ,Moghiz ,Kador 
UT-UZB ,V-LQBF ,Great Wildlands 
Uusanen ,Vaarma ,The Bleak Lands 
UVHO-F ,K-JO26 ,Querious 
UYU-VV ,8BO-IH ,Querious 
V-F6DQ ,CN5-F2 ,Scalding Pass 
V-QXXK ,E-95ID ,Insmother 
V0DF-2 ,1P-VL2 ,Tribute 
V6-NY1 ,Minotaur ,Fountain 
V7D-JD ,Paradise ,Curse 
V89M-R ,HRJG-D ,Great Wildlands 
Valmu ,Kashag ,Domain 
Varigne ,Besateoden ,Molden Heath 
VBPT-T ,N5V-Y0 ,Insmother 
Vecamia ,Nazdirer ,Genesis 
VI2K-J ,0-8MWQ ,Vale of the Silent 
Vifrevaert ,Vieres ,Essence 
VQE-CN ,J8-G8K ,Period Basis 
Vuorrassi ,Mito ,Lonetrek 
VVB-QH ,UL8-RD ,Malpais 
VWES-Y ,Q0-4FU ,Perrigen Falls 
W-4FA9 ,LIB-F9 ,Branch 
W-UQA5 ,03C-SU ,Tribute 
W6V-VM ,8BO-IH ,Querious 
WB-AYY ,QP6B-I ,Tenerifis 
WEQT-K ,H-QXM7 ,Stain 
Weraroix ,Orvanne ,Solitude 
WFFE-4 ,YCM-AI ,Scalding Pass 
WH-2EZ ,UBPU-9 ,Geminate 
WH-JCA ,52-JKU ,Tribute 
WHG2-7 ,41JS-R ,Stain 
WIO-OL ,J33-JR ,Outer Passage 
WPV-JN ,1VN-XC ,Etherium Reach 
WV-0R2 ,X-FHU3 ,Tenal 
WV0D-1 ,7VJ-7M ,Scalding Pass 
WW-KGD ,LY-FY6 ,Pure Blind 
Wysalan ,Thoulde ,Essence 
X-0CKQ ,O6W-QE ,Impass 
X-41DA ,HNZF-Z ,Cobalt Edge 
X-CYNC ,S-Q02B ,Oasa 
X-EHHD ,8MJO-4 ,Omist 
X-M9ON ,Miennue ,Cloud Ring 
X-Z4JW ,CZ-06R ,Oasa 
X36Y-G ,UWRZ-2 ,Fade 
X5O1-L ,JG-ZLG ,Stain 
X6-J6R ,AV-SCL ,Feythabolis 
X9V-15 ,51ZT-6 ,Scalding Pass 
XA5-TY ,5P4-QA ,Detorid 
XCBK-X ,RFY-QB ,Deklein 
XD-TOV ,03C-SU ,Tribute 
XFBE-T ,R-IZDC ,Stain 
XKM-DE ,4ZXC-8 ,Oasa 
XQP-9C ,E-95ID ,Insmother 
XSQ-TF ,YDS0-Y ,Vale of the Silent 
XT-R36 ,Yrton ,Cloud Ring 
XTVZ-E ,G-HISF ,Malpais 
XU7-CH ,O5PO-O ,Perrigen Falls 
XUPK-Z ,X5O9-E ,Outer Passage 
Y-770C ,CZ-06R ,Oasa 
Y-C4AL ,YENX-U ,Immensea 
Y-EQ0C ,EIX-HK ,Tenerifis 
Y-FZ5N ,EL8Z-M ,Immensea 
Y-K50G ,Hale ,Curse 
Y-ORBJ ,QP6B-I ,Tenerifis 
Y-RAW3 ,HNZF-Z ,Cobalt Edge 
Y-XZA7 ,D-YKXH ,Malpais 
Y1-UQ2 ,H26A-B ,Stain 
Y19P-1 ,K-ZKBM ,Immensea 
Y4-GQV ,V-LQBF ,Great Wildlands 
Y6-HPG ,1G-8KY ,Venal 
Yashunen ,Caldari Border Zone ,The Citadel 
Yeder ,Tsemshatel ,Tash-Murkon 
Yeeramoun ,Chardu ,Domain 
YG-82V ,E-312G ,Branch 
Yoma ,Asalola ,Lonetrek 
YQM-P1 ,J33-JR ,Outer Passage 
YRNJ-8 ,Taurus ,Fountain 
YRV-MZ ,FY6-NK ,Esoteria 
Yuhelia ,Maseend ,Domain 
YUY-LM ,K-DLD2 ,Great Wildlands 
Yuzier ,San Matar ,Derelik 
Yvelet ,Goins ,Solitude 
YZ9-F6 ,6-UCYU ,Delve 
Z-2Y2Y ,T875-C ,Detorid 
Z-7OK1 ,RL36-K ,Omist 
Z-8Q65 ,5YHF-H ,Vale of the Silent 
Z-K495 ,E-312G ,Branch 
Z-M5A1 ,OY3-DM ,Period Basis 
Z-N9IP ,EK-NQ2 ,Impass 
Z-PNIA ,C45-9Y ,Feythabolis 
Z-UZZN ,F-RA63 ,Querious 
Z-YN5Y ,Basilisk ,Fountain 
Z3V-1W ,XPJ1-6 ,Delve 
Z9PP-H ,Centaur ,Fountain 
ZA0L-U ,F-V9QW ,Vale of the Silent 
Zahefeus ,Homroon ,Khanid 
Zaimeth ,Zemont ,Domain 
ZD1-Z2 ,CL-QB2 ,Tenerifis 
ZID-LE ,3-PC31 ,Feythabolis 
Ziona ,Mobit ,Domain 
Ziriert ,Jakemhih ,Domain 
ZK-YQ3 ,O-EOI9 ,Tenal 
ZM-DNR ,BB8E-G ,Great Wildlands 
ZN0-SR ,Y4Y7-Q ,Syndicate 
ZO-4AR ,N5V-Y0 ,Insmother 
ZO-P5K ,W-3E44 ,Tenerifis 
ZOPZ-6 ,WS5L-X ,Malpais 
ZOYW-O ,S-B1E4 ,Deklein 
ZQ-Z3Y ,T-HHHT ,Catch 
ZXB-VC ,NJU-QV ,Delve 
ZZK-VF ,2FYX-H ,Outer Passage 